Title,Score,Comments,URL,Cleaned_Title,Created_Date
"I'm 100% self taught, landed my first job! My experience!",3501,378,https://www.reddit.com/r/learnpython/comments/ctkypf/im_100_self_taught_landed_my_first_job_my/,Im 100 self taught landed my first job My experience,2019-08-21 18:34:15
I solved a real life problem with python for the 1st time and I feel like a wizard,2635,202,https://www.reddit.com/r/learnpython/comments/xy1swx/i_solved_a_real_life_problem_with_python_for_the/,I solved a real life problem with python for the 1st time and I feel like a wizard,2022-10-07 15:17:28
"The online course for ""Automate the Boring Stuff with Python"" is free to sign up this week.",2309,238,https://www.reddit.com/r/learnpython/comments/bz3rxv/the_online_course_for_automate_the_boring_stuff/,The online course for Automate the Boring Stuff with Python is free to sign up this week,2019-06-10 21:44:53
"As a Gift to the Community, I'm Making my Python Book Free for 72 hours!",2162,276,https://www.reddit.com/r/learnpython/comments/kv61rj/as_a_gift_to_the_community_im_making_my_python/,As a Gift to the Community Im Making my Python Book Free for 72 hours,2021-01-11 16:28:01
"""Automate the Boring Stuff with Python"" Udemy course free to sign up until May 7th.",2062,165,https://www.reddit.com/r/learnpython/comments/gbp0a1/automate_the_boring_stuff_with_python_udemy/,Automate the Boring Stuff with Python Udemy course free to sign up until May 7th,2020-05-01 19:49:35
"After 5 years of learning Python as a hobby, yesterday I did my first contribution to an open source project!",1974,60,https://www.reddit.com/r/learnpython/comments/he7vpy/after_5_years_of_learning_python_as_a_hobby/,After 5 years of learning Python as a hobby yesterday I did my first contribution to an open source project,2020-06-23 04:24:29
"Just saved my company like $40 Grand a Year and I have no one else in my life that codes to tell, apart from my wife of course",1912,184,https://www.reddit.com/r/learnpython/comments/p1cgeu/just_saved_my_company_like_40_grand_a_year_and_i/,Just saved my company like 40 Grand a Year and I have no one else in my life that codes to tell apart from my wife of course,2021-08-09 22:47:47
"""Automate the Boring Stuff with Python"" online course is free to sign up for the next few days with code JUN2020FREE",1824,127,https://www.reddit.com/r/learnpython/comments/guu0nq/automate_the_boring_stuff_with_python_online/,Automate the Boring Stuff with Python online course is free to sign up for the next few days with code JUN2020FREE,2020-06-01 21:57:01
Beginner's Python Cheat Sheets (updated),1762,129,https://www.reddit.com/r/learnpython/comments/djqm6v/beginners_python_cheat_sheets_updated/,Beginners Python Cheat Sheets updated,2019-10-18 17:16:43
Automate the Boring Stuff with Python Udemy course free to sign up until April 7th.,1746,146,https://www.reddit.com/r/learnpython/comments/ft8tv2/automate_the_boring_stuff_with_python_udemy/,Automate the Boring Stuff with Python Udemy course free to sign up until April 7th,2020-04-01 21:15:12
"""Automate the Boring Stuff with Python"" online course is free to sign up for the next few days with code",1679,139,https://www.reddit.com/r/learnpython/comments/i1w07u/automate_the_boring_stuff_with_python_online/,Automate the Boring Stuff with Python online course is free to sign up for the next few days with code,2020-08-01 17:30:18
I programmed someone out of a job and now I feel bad,1668,436,https://www.reddit.com/r/learnpython/comments/icpt8d/i_programmed_someone_out_of_a_job_and_now_i_feel/,I programmed someone out of a job and now I feel bad,2020-08-19 15:29:06
Second edition of Automate the Boring Stuff with Python is now free online.,1601,89,https://www.reddit.com/r/learnpython/comments/eia22b/second_edition_of_automate_the_boring_stuff_with/,Second edition of Automate the Boring Stuff with Python is now free online,2019-12-31 22:44:05
[Update/Final Product] My dad is a programmer and I want to hand-sew a simple program as a gift to him.,1524,68,https://www.reddit.com/r/learnpython/comments/jzqcve/updatefinal_product_my_dad_is_a_programmer_and_i/,UpdateFinal Product My dad is a programmer and I want to handsew a simple program as a gift to him,2020-11-23 20:59:09
Holy heck I'm addicted.,1504,177,https://www.reddit.com/r/learnpython/comments/gdzu6e/holy_heck_im_addicted/,Holy heck Im addicted,2020-05-05 15:29:29
I'm super annoyed and taking it out on learnpython,1431,248,https://www.reddit.com/r/learnpython/comments/byfigg/im_super_annoyed_and_taking_it_out_on_learnpython/,Im super annoyed and taking it out on learnpython,2019-06-09 02:17:26
"""Automate the Boring Stuff with Python"" online course is free to sign up for the next few days with code FEB2021FREE",1406,110,https://www.reddit.com/r/learnpython/comments/la98y1/automate_the_boring_stuff_with_python_online/,Automate the Boring Stuff with Python online course is free to sign up for the next few days with code FEB2021FREE,2021-02-01 17:50:10
"""Automate the Boring Stuff with Python"" online course is free to sign up for the next few days with code JAN2021FREE",1401,121,https://www.reddit.com/r/learnpython/comments/krs99p/automate_the_boring_stuff_with_python_online/,Automate the Boring Stuff with Python online course is free to sign up for the next few days with code JAN2021FREE,2021-01-06 17:15:43
I made a Python script that tracks Elon Musk's tweets and if he tweets about Doge coin it buys $20 of $DOGE on Robinhood,1382,117,https://www.reddit.com/r/learnpython/comments/kqk21f/i_made_a_python_script_that_tracks_elon_musks/,I made a Python script that tracks Elon Musks tweets and if he tweets about Doge coin it buys 20 of DOGE on Robinhood,2021-01-04 22:46:12
"""Automate the Boring Stuff with Python"" online course is free to sign up for the next few days with code OCT2020REALFREE",1343,105,https://www.reddit.com/r/learnpython/comments/j3eww7/automate_the_boring_stuff_with_python_online/,Automate the Boring Stuff with Python online course is free to sign up for the next few days with code OCT2020REALFREE,2020-10-01 19:01:44
HOW HAVE I BEEN SO BLIND!!!!,1318,201,https://www.reddit.com/r/learnpython/comments/lj2l0e/how_have_i_been_so_blind/,HOW HAVE I BEEN SO BLIND,2021-02-13 15:30:49
I finally did it!,1318,133,https://www.reddit.com/r/learnpython/comments/fdrmsk/i_finally_did_it/,I finally did it,2020-03-05 07:13:55
Proud Dad right here.,1305,92,https://www.reddit.com/r/learnpython/comments/npt0pd/proud_dad_right_here/,Proud Dad right here,2021-06-01 12:38:04
Learning Python? Keep at it! It could change your life,1285,215,https://www.reddit.com/r/learnpython/comments/f48ojm/learning_python_keep_at_it_it_could_change_your/,Learning Python Keep at it It could change your life,2020-02-15 12:17:26
"""Automate the Boring Stuff with Python"" online course is free to sign up for the next few days with code JUL2020FREE",1282,189,https://www.reddit.com/r/learnpython/comments/hjgvgb/automate_the_boring_stuff_with_python_online/,Automate the Boring Stuff with Python online course is free to sign up for the next few days with code JUL2020FREE,2020-07-01 19:12:28
"""Automate the Boring Stuff with Python"" online course is free to sign up for the next few days with code MAR2021FREE",1278,102,https://www.reddit.com/r/learnpython/comments/lx4sx4/automate_the_boring_stuff_with_python_online/,Automate the Boring Stuff with Python online course is free to sign up for the next few days with code MAR2021FREE,2021-03-03 21:27:00
"""Automate the Boring Stuff with Python"" online course is free to sign up for the next few days with code NOV2020FREE",1254,97,https://www.reddit.com/r/learnpython/comments/jmaj8i/automate_the_boring_stuff_with_python_online/,Automate the Boring Stuff with Python online course is free to sign up for the next few days with code NOV2020FREE,2020-11-01 21:32:47
Why study programming when you can just play an RPG?,1246,178,https://www.reddit.com/r/learnpython/comments/aw0au0/why_study_programming_when_you_can_just_play_an/,Why study programming when you can just play an RPG,2019-03-01 04:02:14
Would anyone be interested in watching me create a Django app from scratch on a live stream?,1207,118,https://www.reddit.com/r/learnpython/comments/grfm5v/would_anyone_be_interested_in_watching_me_create/,Would anyone be interested in watching me create a Django app from scratch on a live stream,2020-05-27 08:12:18
"""Automate the Boring Stuff with Python"" online course is free to sign up for the next few days with code DEC2020FREE",1200,84,https://www.reddit.com/r/learnpython/comments/k4rxz6/automate_the_boring_stuff_with_python_online/,Automate the Boring Stuff with Python online course is free to sign up for the next few days with code DEC2020FREE,2020-12-01 19:22:38
"""Automate the Boring Stuff with Python"" online course is free to sign up for the next few days with code MAY2021FREE",1175,85,https://www.reddit.com/r/learnpython/comments/naqwnk/automate_the_boring_stuff_with_python_online/,Automate the Boring Stuff with Python online course is free to sign up for the next few days with code MAY2021FREE,2021-05-12 15:06:36
"""Automate the Boring Stuff with Python"" online course is free to sign up for the next few days with code SEP2020FREE",1177,90,https://www.reddit.com/r/learnpython/comments/ikocy5/automate_the_boring_stuff_with_python_online/,Automate the Boring Stuff with Python online course is free to sign up for the next few days with code SEP2020FREE,2020-09-01 17:11:39
Data Analysis Resources for Python,1178,86,https://www.reddit.com/r/learnpython/comments/gk517f/data_analysis_resources_for_python/,Data Analysis Resources for Python,2020-05-15 08:06:32
I automated a part of my job that usually took me 2 hours to do in 2 seconds,1163,219,https://www.reddit.com/r/learnpython/comments/q8iyu7/i_automated_a_part_of_my_job_that_usually_took_me/,I automated a part of my job that usually took me 2 hours to do in 2 seconds,2021-10-15 07:08:24
MIT offers free online course in Computer Programming using Python,1150,90,https://www.reddit.com/r/learnpython/comments/neg3hb/mit_offers_free_online_course_in_computer/,MIT offers free online course in Computer Programming using Python,2021-05-17 13:21:00
"Thank you guys and Python for giving me joy (NEW PYTHON PROGRAMMERS, READ THIS).",1151,127,https://www.reddit.com/r/learnpython/comments/l0lyh2/thank_you_guys_and_python_for_giving_me_joy_new/,Thank you guys and Python for giving me joy NEW PYTHON PROGRAMMERS READ THIS,2021-01-19 15:24:03
Raise your hand if your scripts are littered with commented-out code that you are hoarding like it's the end times,1136,176,https://www.reddit.com/r/learnpython/comments/s89bpz/raise_your_hand_if_your_scripts_are_littered_with/,Raise your hand if your scripts are littered with commentedout code that you are hoarding like its the end times,2022-01-20 03:48:54
"""Automate the Boring Stuff with Python"" online course is free to sign up for the next few days with code JUL2021FREE",1104,80,https://www.reddit.com/r/learnpython/comments/obq077/automate_the_boring_stuff_with_python_online/,Automate the Boring Stuff with Python online course is free to sign up for the next few days with code JUL2021FREE,2021-07-01 16:55:20
I Actually Got a Job!,1097,95,https://www.reddit.com/r/learnpython/comments/o16gvr/i_actually_got_a_job/,I Actually Got a Job,2021-06-16 14:41:07
From a Beginner to Beginners: From print('Hello World!') to Tutorial Hell to Getting my First Job!,1097,129,https://www.reddit.com/r/learnpython/comments/lmi2lg/from_a_beginner_to_beginners_from_printhello/,From a Beginner to Beginners From printHello World to Tutorial Hell to Getting my First Job,2021-02-18 08:40:40
"TIL that a software engineer filed a Freedom of Information Act request to get access to NSA's training material for teaching Python, the popular programming language. The material is now available for free online for anyone who wants to learn Python using it.",1084,34,/r/learnprogramming/comments/t8pc7n/til_that_a_software_engineer_filed_a_freedom_of/,TIL that a software engineer filed a Freedom of Information Act request to get access to NSAs training material for teaching Python the popular programming language The material is now available for free online for anyone who wants to learn Python using it,2022-03-07 17:03:37
Don't Give Up! Learning to code is damn hard.,1071,128,https://www.reddit.com/r/learnpython/comments/nmpvtl/dont_give_up_learning_to_code_is_damn_hard/,Dont Give Up Learning to code is damn hard,2021-05-28 04:38:25
I just wrote my first script to do mindless busy-work for me. Over the moon with glee!,1062,113,https://www.reddit.com/r/learnpython/comments/10h4tsu/i_just_wrote_my_first_script_to_do_mindless/,I just wrote my first script to do mindless busywork for me Over the moon with glee,2023-01-20 18:48:37
"""Automate the Boring Stuff with Python"" online course is free to sign up for the next few days with code JUN2021FREE",1040,102,https://www.reddit.com/r/learnpython/comments/nrh5km/automate_the_boring_stuff_with_python_online/,Automate the Boring Stuff with Python online course is free to sign up for the next few days with code JUN2021FREE,2021-06-03 16:10:57
"Going from print('Hello World)' to tutorial hell to building my own ""data pipeline"" - From a beginner to beginners",1043,131,https://www.reddit.com/r/learnpython/comments/jwgatc/going_from_printhello_world_to_tutorial_hell_to/,Going from printHello World to tutorial hell to building my own data pipeline  From a beginner to beginners,2020-11-18 14:03:19
My dad is a programmer and I want to hand-sew a simple program as a gift to him. Feedback on the program I came up with?,1031,147,https://www.reddit.com/r/learnpython/comments/jxr209/my_dad_is_a_programmer_and_i_want_to_handsew_a/,My dad is a programmer and I want to handsew a simple program as a gift to him Feedback on the program I came up with,2020-11-20 15:29:20
"I love Visual Studio Code so much, especially for learning Python",1019,160,https://www.reddit.com/r/learnpython/comments/gxycd2/i_love_visual_studio_code_so_much_especially_for/,I love Visual Studio Code so much especially for learning Python,2020-06-06 20:23:11
Handy Python Functions For All,1017,76,https://www.reddit.com/r/learnpython/comments/gfaq9s/handy_python_functions_for_all/,Handy Python Functions For All,2020-05-07 17:15:16
Automate the Boring Stuff FREE on Udemy,1017,96,https://www.reddit.com/r/learnpython/comments/drnc0z/automate_the_boring_stuff_free_on_udemy/,Automate the Boring Stuff FREE on Udemy,2019-11-04 20:10:47
"I was finally hired as a junior software developer, and it only took me.... seven years! Here's a quick write up on my journey for those on a similar path.",1012,48,https://www.reddit.com/r/learnpython/comments/mivbxe/i_was_finally_hired_as_a_junior_software/,I was finally hired as a junior software developer and it only took me seven years Heres a quick write up on my journey for those on a similar path,2021-04-02 22:29:23
Got my first offer as a python developer,1007,146,https://www.reddit.com/r/learnpython/comments/k51frp/got_my_first_offer_as_a_python_developer/,Got my first offer as a python developer,2020-12-02 03:40:52
"New, free book from Al Sweigart: Python Programming Exercises, Gently Explained",1003,85,https://www.reddit.com/r/learnpython/comments/y38qqx/new_free_book_from_al_sweigart_python_programming/,New free book from Al Sweigart Python Programming Exercises Gently Explained,2022-10-13 20:14:10
I got an invitation from Google's Secret Hiring Challenge!,992,140,https://www.reddit.com/r/learnpython/comments/j0d2xj/i_got_an_invitation_from_googles_secret_hiring/,I got an invitation from Googles Secret Hiring Challenge,2020-09-26 20:20:53
Holy fuck I get it now my dudes.,984,115,https://www.reddit.com/r/learnpython/comments/gmcgvc/holy_fuck_i_get_it_now_my_dudes/,Holy fuck I get it now my dudes,2020-05-18 23:04:34
7 Beginner Python Project Ideas,961,101,https://www.reddit.com/r/learnpython/comments/huezhd/7_beginner_python_project_ideas/,7 Beginner Python Project Ideas,2020-07-20 04:35:20
From struggling with for loops to a government database administration job-- in one year,959,58,https://www.reddit.com/r/learnpython/comments/etwubn/from_struggling_with_for_loops_to_a_government/,From struggling with for loops to a government database administration job in one year,2020-01-25 21:22:02
Don't quit,953,132,https://www.reddit.com/r/learnpython/comments/j8su3p/dont_quit/,Dont quit,2020-10-10 21:36:31
Itâ€™s insane how easy learning is when you have an end goal.,949,120,https://www.reddit.com/r/learnpython/comments/vbjg65/its_insane_how_easy_learning_is_when_you_have_an/,Its insane how easy learning is when you have an end goal,2022-06-13 18:55:34
Finally did something I am proud of - Helping others with Python!,937,77,https://www.reddit.com/r/learnpython/comments/gabj9m/finally_did_something_i_am_proud_of_helping/,Finally did something I am proud of  Helping others with Python,2020-04-29 15:26:19
I created an app in PYTHON.,935,132,https://www.reddit.com/r/learnpython/comments/mtwjwy/i_created_an_app_in_python/,I created an app in PYTHON,2021-04-19 09:01:55
"""Automate the Boring Stuff with Python"" Udemy course is free to sign up for the next 48 hours: DEC2019FREE",932,92,https://www.reddit.com/r/learnpython/comments/e59vzp/automate_the_boring_stuff_with_python_udemy/,Automate the Boring Stuff with Python Udemy course is free to sign up for the next 48 hours DEC2019FREE,2019-12-03 02:13:49
Beginner's Python Cheat Sheets (updated),933,57,https://www.reddit.com/r/learnpython/comments/mhw66i/beginners_python_cheat_sheets_updated/,Beginners Python Cheat Sheets updated,2021-04-01 14:12:40
Beginner's Python Cheat Sheets (updated),921,109,https://www.reddit.com/r/learnpython/comments/11eg5af/beginners_python_cheat_sheets_updated/,Beginners Python Cheat Sheets updated,2023-02-28 18:37:22
I actually used Python to do a thing!,910,83,https://www.reddit.com/r/learnpython/comments/iwdr8s/i_actually_used_python_to_do_a_thing/,I actually used Python to do a thing,2020-09-20 13:22:24
"""Automate the Boring Stuff"" author refactoring beginner's code on a live stream Wed 4/17 at 7pm pacific",899,63,https://www.reddit.com/r/learnpython/comments/bdzedl/automate_the_boring_stuff_author_refactoring/,Automate the Boring Stuff author refactoring beginners code on a live stream Wed 417 at 7pm pacific,2019-04-16 21:22:21
I found a job (Thanks to ya'll),893,89,https://www.reddit.com/r/learnpython/comments/n3yrpl/i_found_a_job_thanks_to_yall/,I found a job Thanks to yall,2021-05-03 15:21:31
"Hello, world! I'm Al Sweigart, author of ""Automate the Boring Stuff with Python"" and several other programming books. AMA!",887,5,/r/Python/comments/otbvoj/hello_world_im_al_sweigart_author_of_automate_the/,Hello world Im Al Sweigart author of Automate the Boring Stuff with Python and several other programming books AMA,2021-07-28 15:54:39
Nothing is more liberating than learning python well enough to be able to answer questions on Stack Overflow,869,45,https://www.reddit.com/r/learnpython/comments/cvl5jy/nothing_is_more_liberating_than_learning_python/,Nothing is more liberating than learning python well enough to be able to answer questions on Stack Overflow,2019-08-26 08:17:01
a program I wrote 5 years ago was finally useful. feeling weirdly proud about this.,872,72,https://www.reddit.com/r/learnpython/comments/w88ygy/a_program_i_wrote_5_years_ago_was_finally_useful/,a program I wrote 5 years ago was finally useful feeling weirdly proud about this,2022-07-26 03:30:49
META: Pandas shouldn't be recommended to a beginner who wants to read a CSV.,869,130,https://www.reddit.com/r/learnpython/comments/fo6lbo/meta_pandas_shouldnt_be_recommended_to_a_beginner/,META Pandas shouldnt be recommended to a beginner who wants to read a CSV,2020-03-24 15:05:41
I made a script that automatically adds all songs from youtube playlist to spotify playlist.,861,40,https://www.reddit.com/r/learnpython/comments/htyr40/i_made_a_script_that_automatically_adds_all_songs/,I made a script that automatically adds all songs from youtube playlist to spotify playlist,2020-07-19 11:04:16
I wrote my first useful Python program!,856,122,https://www.reddit.com/r/learnpython/comments/gd70np/i_wrote_my_first_useful_python_program/,I wrote my first useful Python program,2020-05-04 07:25:49
TIL Iâ€™ve been making debugging statements harder than they needed to be.,852,91,https://www.reddit.com/r/learnpython/comments/nur6o9/til_ive_been_making_debugging_statements_harder/,TIL Ive been making debugging statements harder than they needed to be,2021-06-07 23:52:26
Just want to say THANK YOU to all the kind people always willing to help!!! It encourages people new to programming to keep pushing instead of giving up! It helped me!,850,41,https://www.reddit.com/r/learnpython/comments/m7cbsl/just_want_to_say_thank_you_to_all_the_kind_people/,Just want to say THANK YOU to all the kind people always willing to help It encourages people new to programming to keep pushing instead of giving up It helped me,2021-03-17 22:21:55
5 Projects For Beginners To Learn Python,857,92,https://www.reddit.com/r/learnpython/comments/ld5c3e/5_projects_for_beginners_to_learn_python/,5 Projects For Beginners To Learn Python,2021-02-05 11:33:33
"Beginner learning Python at 40 here. Any friend like me, please raise your hand!",852,299,https://www.reddit.com/r/learnpython/comments/p249dn/beginner_learning_python_at_40_here_any_friend/,Beginner learning Python at 40 here Any friend like me please raise your hand,2021-08-11 02:45:21
"Al Sweigart, author of the legendary 'Automate The Boring Stuff' book (and many others) now streams beginner-friendly live coding on twitch!",853,52,https://www.reddit.com/r/learnpython/comments/ao3zq2/al_sweigart_author_of_the_legendary_automate_the/,Al Sweigart author of the legendary Automate The Boring Stuff book and many others now streams beginnerfriendly live coding on twitch,2019-02-07 13:59:17
5 interesting Python modules,851,100,https://www.reddit.com/r/learnpython/comments/hv9r5u/5_interesting_python_modules/,5 interesting Python modules,2020-07-21 15:49:39
"I'm a Computer Science Teacher in the UK, thanks to this subreddit and a few notable Python Youtubers - I'm now able to help more young people get into coding.",833,57,https://www.reddit.com/r/learnpython/comments/ocvfzr/im_a_computer_science_teacher_in_the_uk_thanks_to/,Im a Computer Science Teacher in the UK thanks to this subreddit and a few notable Python Youtubers  Im now able to help more young people get into coding,2021-07-03 10:22:18
"I'm Al Sweigart, author of Automate the Boring Stuff with Python. I'm currently doing an AMA about my latest book on recursive algorithms.",834,34,https://www.reddit.com/r/learnpython/comments/xcqs55/im_al_sweigart_author_of_automate_the_boring/,Im Al Sweigart author of Automate the Boring Stuff with Python Im currently doing an AMA about my latest book on recursive algorithms,2022-09-12 22:53:03
For begginers who are searching for what to do after finishing a course,834,68,https://www.reddit.com/r/learnpython/comments/dob4kd/for_begginers_who_are_searching_for_what_to_do/,For begginers who are searching for what to do after finishing a course,2019-10-28 16:22:38
My Python regex ebook with hundreds of examples and exercises is currently free,832,42,https://www.reddit.com/r/learnpython/comments/hmvnt1/my_python_regex_ebook_with_hundreds_of_examples/,My Python regex ebook with hundreds of examples and exercises is currently free,2020-07-07 14:34:57
"Finally feel I've graduated from complete beginner and finished my first small project thanks to this sub. Here's the learning path you all recommended, and a small open source project I have to show for it so far.",827,115,https://www.reddit.com/r/learnpython/comments/n6yd44/finally_feel_ive_graduated_from_complete_beginner/,Finally feel Ive graduated from complete beginner and finished my first small project thanks to this sub Heres the learning path you all recommended and a small open source project I have to show for it so far,2021-05-07 13:21:33
Wrote this program to skip Spotify Ads using Spotify API,813,61,https://www.reddit.com/r/learnpython/comments/ozrbh4/wrote_this_program_to_skip_spotify_ads_using/,Wrote this program to skip Spotify Ads using Spotify API,2021-08-07 11:07:05
Begginers do not use Google search often enough,806,160,https://www.reddit.com/r/learnpython/comments/in1gv6/begginers_do_not_use_google_search_often_enough/,Begginers do not use Google search often enough,2020-09-05 13:53:18
[Rave] Finally able to prove the value of Python,798,138,https://www.reddit.com/r/learnpython/comments/ep2xb8/rave_finally_able_to_prove_the_value_of_python/,Rave Finally able to prove the value of Python,2020-01-15 14:23:40
"What are some ""must learn"" libraries in Python",798,134,https://www.reddit.com/r/learnpython/comments/ng3nq0/what_are_some_must_learn_libraries_in_python/,What are some must learn libraries in Python,2021-05-19 11:49:04
"""Automate the Boring Stuff with Python"" online course is free to sign up for the next few days with code AUG2021FREE",794,53,https://www.reddit.com/r/learnpython/comments/ovth0a/automate_the_boring_stuff_with_python_online/,Automate the Boring Stuff with Python online course is free to sign up for the next few days with code AUG2021FREE,2021-08-01 14:50:18
Why you can't progress at Python,795,145,https://www.reddit.com/r/learnpython/comments/tbba69/why_you_cant_progress_at_python/,Why you cant progress at Python,2022-03-10 22:50:01
I made a bot that accuses random celebrities of being in 6ix9ine's 'Nine Trey Bloods' gang.,792,58,https://www.reddit.com/r/learnpython/comments/da0eqv/i_made_a_bot_that_accuses_random_celebrities_of/,I made a bot that accuses random celebrities of being in 6ix9ines Nine Trey Bloods gang,2019-09-27 13:28:17
Newbie HereðŸ™‚,791,154,https://www.reddit.com/r/learnpython/comments/layd52/newbie_here/,Newbie Here,2021-02-02 15:36:11
I just wanted to say a massive thank you to the community.,784,53,https://www.reddit.com/r/learnpython/comments/hirzuh/i_just_wanted_to_say_a_massive_thank_you_to_the/,I just wanted to say a massive thank you to the community,2020-06-30 17:34:57
Learning Python Protip: when doing exercises change the example code to make it funny or interesting to you. This will help you retain more and utilize more creative thinking to keep you engaged.,778,35,https://www.reddit.com/r/learnpython/comments/i2g41g/learning_python_protip_when_doing_exercises/,Learning Python Protip when doing exercises change the example code to make it funny or interesting to you This will help you retain more and utilize more creative thinking to keep you engaged,2020-08-02 17:40:22
"2,000 free sign ups available for the ""Automate the Boring Stuff with Python"" online course.",782,82,https://www.reddit.com/r/learnpython/comments/x6px4m/2000_free_sign_ups_available_for_the_automate_the/,2000 free sign ups available for the Automate the Boring Stuff with Python online course,2022-09-05 20:09:17
Do you know any Python projects on Github that are examples of best practices and good architecture?,772,69,https://www.reddit.com/r/learnpython/comments/n5a6fo/do_you_know_any_python_projects_on_github_that/,Do you know any Python projects on Github that are examples of best practices and good architecture,2021-05-05 07:28:24
What libraries do you wish you discovered earlier?,771,238,https://www.reddit.com/r/learnpython/comments/kmwrve/what_libraries_do_you_wish_you_discovered_earlier/,What libraries do you wish you discovered earlier,2020-12-30 06:23:20
Feeling too fucking dumb for Python and programming in general,776,212,https://www.reddit.com/r/learnpython/comments/i13byl/feeling_too_fucking_dumb_for_python_and/,Feeling too fucking dumb for Python and programming in general,2020-07-31 07:30:46
I finally used Python for work!,772,44,https://www.reddit.com/r/learnpython/comments/jkcy74/i_finally_used_python_for_work/,I finally used Python for work,2020-10-29 16:11:20
Learning other languages will make your Python better.,765,138,https://www.reddit.com/r/learnpython/comments/ize2jn/learning_other_languages_will_make_your_python/,Learning other languages will make your Python better,2020-09-25 05:50:57
I've Realized I Officially Love Coding,769,51,https://www.reddit.com/r/learnpython/comments/mgxib8/ive_realized_i_officially_love_coding/,Ive Realized I Officially Love Coding,2021-03-31 03:51:43
