Title,Score,Comments,Created,URL
"I'm 100% self taught, landed my first job! My experience!",3501,378,1566412455.0,https://www.reddit.com/r/learnpython/comments/ctkypf/im_100_self_taught_landed_my_first_job_my/
I solved a real life problem with python for the 1st time and I feel like a wizard,2635,202,1665155848.0,https://www.reddit.com/r/learnpython/comments/xy1swx/i_solved_a_real_life_problem_with_python_for_the/
"The online course for ""Automate the Boring Stuff with Python"" is free to sign up this week.",2309,238,1560203093.0,https://www.reddit.com/r/learnpython/comments/bz3rxv/the_online_course_for_automate_the_boring_stuff/
"As a Gift to the Community, I'm Making my Python Book Free for 72 hours!",2162,276,1610382481.0,https://www.reddit.com/r/learnpython/comments/kv61rj/as_a_gift_to_the_community_im_making_my_python/
"""Automate the Boring Stuff with Python"" Udemy course free to sign up until May 7th.",2062,165,1588362575.0,https://www.reddit.com/r/learnpython/comments/gbp0a1/automate_the_boring_stuff_with_python_udemy/
"After 5 years of learning Python as a hobby, yesterday I did my first contribution to an open source project!",1974,60,1592886269.0,https://www.reddit.com/r/learnpython/comments/he7vpy/after_5_years_of_learning_python_as_a_hobby/
"Just saved my company like $40 Grand a Year and I have no one else in my life that codes to tell, apart from my wife of course",1912,184,1628549267.0,https://www.reddit.com/r/learnpython/comments/p1cgeu/just_saved_my_company_like_40_grand_a_year_and_i/
"""Automate the Boring Stuff with Python"" online course is free to sign up for the next few days with code JUN2020FREE",1824,127,1591048621.0,https://www.reddit.com/r/learnpython/comments/guu0nq/automate_the_boring_stuff_with_python_online/
Beginner's Python Cheat Sheets (updated),1762,129,1571419003.0,https://www.reddit.com/r/learnpython/comments/djqm6v/beginners_python_cheat_sheets_updated/
Automate the Boring Stuff with Python Udemy course free to sign up until April 7th.,1746,146,1585775712.0,https://www.reddit.com/r/learnpython/comments/ft8tv2/automate_the_boring_stuff_with_python_udemy/
"""Automate the Boring Stuff with Python"" online course is free to sign up for the next few days with code",1679,139,1596303018.0,https://www.reddit.com/r/learnpython/comments/i1w07u/automate_the_boring_stuff_with_python_online/
I programmed someone out of a job and now I feel bad,1668,436,1597850946.0,https://www.reddit.com/r/learnpython/comments/icpt8d/i_programmed_someone_out_of_a_job_and_now_i_feel/
Second edition of Automate the Boring Stuff with Python is now free online.,1601,89,1577832245.0,https://www.reddit.com/r/learnpython/comments/eia22b/second_edition_of_automate_the_boring_stuff_with/
[Update/Final Product] My dad is a programmer and I want to hand-sew a simple program as a gift to him.,1524,68,1606165149.0,https://www.reddit.com/r/learnpython/comments/jzqcve/updatefinal_product_my_dad_is_a_programmer_and_i/
Holy heck I'm addicted.,1504,177,1588692569.0,https://www.reddit.com/r/learnpython/comments/gdzu6e/holy_heck_im_addicted/
I'm super annoyed and taking it out on learnpython,1431,248,1560046646.0,https://www.reddit.com/r/learnpython/comments/byfigg/im_super_annoyed_and_taking_it_out_on_learnpython/
"""Automate the Boring Stuff with Python"" online course is free to sign up for the next few days with code FEB2021FREE",1406,110,1612201810.0,https://www.reddit.com/r/learnpython/comments/la98y1/automate_the_boring_stuff_with_python_online/
"""Automate the Boring Stuff with Python"" online course is free to sign up for the next few days with code JAN2021FREE",1401,121,1609953343.0,https://www.reddit.com/r/learnpython/comments/krs99p/automate_the_boring_stuff_with_python_online/
I made a Python script that tracks Elon Musk's tweets and if he tweets about Doge coin it buys $20 of $DOGE on Robinhood,1382,117,1609800372.0,https://www.reddit.com/r/learnpython/comments/kqk21f/i_made_a_python_script_that_tracks_elon_musks/
"""Automate the Boring Stuff with Python"" online course is free to sign up for the next few days with code OCT2020REALFREE",1343,105,1601578904.0,https://www.reddit.com/r/learnpython/comments/j3eww7/automate_the_boring_stuff_with_python_online/
HOW HAVE I BEEN SO BLIND!!!!,1318,201,1613230249.0,https://www.reddit.com/r/learnpython/comments/lj2l0e/how_have_i_been_so_blind/
I finally did it!,1318,133,1583392435.0,https://www.reddit.com/r/learnpython/comments/fdrmsk/i_finally_did_it/
Proud Dad right here.,1305,92,1622551084.0,https://www.reddit.com/r/learnpython/comments/npt0pd/proud_dad_right_here/
Learning Python? Keep at it! It could change your life,1285,215,1581769046.0,https://www.reddit.com/r/learnpython/comments/f48ojm/learning_python_keep_at_it_it_could_change_your/
"""Automate the Boring Stuff with Python"" online course is free to sign up for the next few days with code JUL2020FREE",1282,189,1593630748.0,https://www.reddit.com/r/learnpython/comments/hjgvgb/automate_the_boring_stuff_with_python_online/
"""Automate the Boring Stuff with Python"" online course is free to sign up for the next few days with code MAR2021FREE",1278,102,1614806820.0,https://www.reddit.com/r/learnpython/comments/lx4sx4/automate_the_boring_stuff_with_python_online/
"""Automate the Boring Stuff with Python"" online course is free to sign up for the next few days with code NOV2020FREE",1254,97,1604266367.0,https://www.reddit.com/r/learnpython/comments/jmaj8i/automate_the_boring_stuff_with_python_online/
Why study programming when you can just play an RPG?,1246,178,1551412934.0,https://www.reddit.com/r/learnpython/comments/aw0au0/why_study_programming_when_you_can_just_play_an/
Would anyone be interested in watching me create a Django app from scratch on a live stream?,1207,118,1590567138.0,https://www.reddit.com/r/learnpython/comments/grfm5v/would_anyone_be_interested_in_watching_me_create/
"""Automate the Boring Stuff with Python"" online course is free to sign up for the next few days with code DEC2020FREE",1200,84,1606850558.0,https://www.reddit.com/r/learnpython/comments/k4rxz6/automate_the_boring_stuff_with_python_online/
"""Automate the Boring Stuff with Python"" online course is free to sign up for the next few days with code MAY2021FREE",1175,85,1620831996.0,https://www.reddit.com/r/learnpython/comments/naqwnk/automate_the_boring_stuff_with_python_online/
"""Automate the Boring Stuff with Python"" online course is free to sign up for the next few days with code SEP2020FREE",1177,90,1598980299.0,https://www.reddit.com/r/learnpython/comments/ikocy5/automate_the_boring_stuff_with_python_online/
Data Analysis Resources for Python,1178,86,1589529992.0,https://www.reddit.com/r/learnpython/comments/gk517f/data_analysis_resources_for_python/
I automated a part of my job that usually took me 2 hours to do in 2 seconds,1163,219,1634281704.0,https://www.reddit.com/r/learnpython/comments/q8iyu7/i_automated_a_part_of_my_job_that_usually_took_me/
MIT offers free online course in Computer Programming using Python,1150,90,1621257660.0,https://www.reddit.com/r/learnpython/comments/neg3hb/mit_offers_free_online_course_in_computer/
"Thank you guys and Python for giving me joy (NEW PYTHON PROGRAMMERS, READ THIS).",1151,127,1611069843.0,https://www.reddit.com/r/learnpython/comments/l0lyh2/thank_you_guys_and_python_for_giving_me_joy_new/
Raise your hand if your scripts are littered with commented-out code that you are hoarding like it's the end times,1136,176,1642650534.0,https://www.reddit.com/r/learnpython/comments/s89bpz/raise_your_hand_if_your_scripts_are_littered_with/
"""Automate the Boring Stuff with Python"" online course is free to sign up for the next few days with code JUL2021FREE",1104,80,1625158520.0,https://www.reddit.com/r/learnpython/comments/obq077/automate_the_boring_stuff_with_python_online/
I Actually Got a Job!,1097,95,1623854467.0,https://www.reddit.com/r/learnpython/comments/o16gvr/i_actually_got_a_job/
From a Beginner to Beginners: From print('Hello World!') to Tutorial Hell to Getting my First Job!,1097,129,1613637640.0,https://www.reddit.com/r/learnpython/comments/lmi2lg/from_a_beginner_to_beginners_from_printhello/
"TIL that a software engineer filed a Freedom of Information Act request to get access to NSA's training material for teaching Python, the popular programming language. The material is now available for free online for anyone who wants to learn Python using it.",1084,34,1646672617.0,/r/learnprogramming/comments/t8pc7n/til_that_a_software_engineer_filed_a_freedom_of/
Don't Give Up! Learning to code is damn hard.,1071,128,1622176705.0,https://www.reddit.com/r/learnpython/comments/nmpvtl/dont_give_up_learning_to_code_is_damn_hard/
I just wrote my first script to do mindless busy-work for me. Over the moon with glee!,1062,113,1674240517.0,https://www.reddit.com/r/learnpython/comments/10h4tsu/i_just_wrote_my_first_script_to_do_mindless/
"""Automate the Boring Stuff with Python"" online course is free to sign up for the next few days with code JUN2021FREE",1040,102,1622736657.0,https://www.reddit.com/r/learnpython/comments/nrh5km/automate_the_boring_stuff_with_python_online/
"Going from print('Hello World)' to tutorial hell to building my own ""data pipeline"" - From a beginner to beginners",1043,131,1605708199.0,https://www.reddit.com/r/learnpython/comments/jwgatc/going_from_printhello_world_to_tutorial_hell_to/
My dad is a programmer and I want to hand-sew a simple program as a gift to him. Feedback on the program I came up with?,1031,147,1605886160.0,https://www.reddit.com/r/learnpython/comments/jxr209/my_dad_is_a_programmer_and_i_want_to_handsew_a/
"I love Visual Studio Code so much, especially for learning Python",1019,160,1591474991.0,https://www.reddit.com/r/learnpython/comments/gxycd2/i_love_visual_studio_code_so_much_especially_for/
Handy Python Functions For All,1017,76,1588871716.0,https://www.reddit.com/r/learnpython/comments/gfaq9s/handy_python_functions_for_all/
Automate the Boring Stuff FREE on Udemy,1017,96,1572898247.0,https://www.reddit.com/r/learnpython/comments/drnc0z/automate_the_boring_stuff_free_on_udemy/
"I was finally hired as a junior software developer, and it only took me.... seven years! Here's a quick write up on my journey for those on a similar path.",1012,48,1617402563.0,https://www.reddit.com/r/learnpython/comments/mivbxe/i_was_finally_hired_as_a_junior_software/
Got my first offer as a python developer,1007,146,1606880452.0,https://www.reddit.com/r/learnpython/comments/k51frp/got_my_first_offer_as_a_python_developer/
"New, free book from Al Sweigart: Python Programming Exercises, Gently Explained",1003,85,1665692050.0,https://www.reddit.com/r/learnpython/comments/y38qqx/new_free_book_from_al_sweigart_python_programming/
I got an invitation from Google's Secret Hiring Challenge!,992,140,1601151653.0,https://www.reddit.com/r/learnpython/comments/j0d2xj/i_got_an_invitation_from_googles_secret_hiring/
Holy fuck I get it now my dudes.,984,115,1589843074.0,https://www.reddit.com/r/learnpython/comments/gmcgvc/holy_fuck_i_get_it_now_my_dudes/
7 Beginner Python Project Ideas,961,101,1595219720.0,https://www.reddit.com/r/learnpython/comments/huezhd/7_beginner_python_project_ideas/
From struggling with for loops to a government database administration job-- in one year,959,58,1579987322.0,https://www.reddit.com/r/learnpython/comments/etwubn/from_struggling_with_for_loops_to_a_government/
Don't quit,953,132,1602365791.0,https://www.reddit.com/r/learnpython/comments/j8su3p/dont_quit/
Itâ€™s insane how easy learning is when you have an end goal.,949,120,1655146534.0,https://www.reddit.com/r/learnpython/comments/vbjg65/its_insane_how_easy_learning_is_when_you_have_an/
Finally did something I am proud of - Helping others with Python!,937,77,1588173979.0,https://www.reddit.com/r/learnpython/comments/gabj9m/finally_did_something_i_am_proud_of_helping/
I created an app in PYTHON.,935,132,1618822915.0,https://www.reddit.com/r/learnpython/comments/mtwjwy/i_created_an_app_in_python/
"""Automate the Boring Stuff with Python"" Udemy course is free to sign up for the next 48 hours: DEC2019FREE",932,92,1575339229.0,https://www.reddit.com/r/learnpython/comments/e59vzp/automate_the_boring_stuff_with_python_udemy/
Beginner's Python Cheat Sheets (updated),933,57,1617286360.0,https://www.reddit.com/r/learnpython/comments/mhw66i/beginners_python_cheat_sheets_updated/
Beginner's Python Cheat Sheets (updated),921,109,1677609442.0,https://www.reddit.com/r/learnpython/comments/11eg5af/beginners_python_cheat_sheets_updated/
I actually used Python to do a thing!,910,83,1600608144.0,https://www.reddit.com/r/learnpython/comments/iwdr8s/i_actually_used_python_to_do_a_thing/
"""Automate the Boring Stuff"" author refactoring beginner's code on a live stream Wed 4/17 at 7pm pacific",899,63,1555449741.0,https://www.reddit.com/r/learnpython/comments/bdzedl/automate_the_boring_stuff_author_refactoring/
I found a job (Thanks to ya'll),893,89,1620055291.0,https://www.reddit.com/r/learnpython/comments/n3yrpl/i_found_a_job_thanks_to_yall/
"Hello, world! I'm Al Sweigart, author of ""Automate the Boring Stuff with Python"" and several other programming books. AMA!",887,5,1627487679.0,/r/Python/comments/otbvoj/hello_world_im_al_sweigart_author_of_automate_the/
Nothing is more liberating than learning python well enough to be able to answer questions on Stack Overflow,869,45,1566807421.0,https://www.reddit.com/r/learnpython/comments/cvl5jy/nothing_is_more_liberating_than_learning_python/
a program I wrote 5 years ago was finally useful. feeling weirdly proud about this.,872,72,1658806249.0,https://www.reddit.com/r/learnpython/comments/w88ygy/a_program_i_wrote_5_years_ago_was_finally_useful/
META: Pandas shouldn't be recommended to a beginner who wants to read a CSV.,869,130,1585062341.0,https://www.reddit.com/r/learnpython/comments/fo6lbo/meta_pandas_shouldnt_be_recommended_to_a_beginner/
I made a script that automatically adds all songs from youtube playlist to spotify playlist.,861,40,1595156656.0,https://www.reddit.com/r/learnpython/comments/htyr40/i_made_a_script_that_automatically_adds_all_songs/
I wrote my first useful Python program!,856,122,1588577149.0,https://www.reddit.com/r/learnpython/comments/gd70np/i_wrote_my_first_useful_python_program/
TIL Iâ€™ve been making debugging statements harder than they needed to be.,852,91,1623109946.0,https://www.reddit.com/r/learnpython/comments/nur6o9/til_ive_been_making_debugging_statements_harder/
Just want to say THANK YOU to all the kind people always willing to help!!! It encourages people new to programming to keep pushing instead of giving up! It helped me!,850,41,1616019715.0,https://www.reddit.com/r/learnpython/comments/m7cbsl/just_want_to_say_thank_you_to_all_the_kind_people/
5 Projects For Beginners To Learn Python,857,92,1612524813.0,https://www.reddit.com/r/learnpython/comments/ld5c3e/5_projects_for_beginners_to_learn_python/
"Beginner learning Python at 40 here. Any friend like me, please raise your hand!",852,299,1628649921.0,https://www.reddit.com/r/learnpython/comments/p249dn/beginner_learning_python_at_40_here_any_friend/
"Al Sweigart, author of the legendary 'Automate The Boring Stuff' book (and many others) now streams beginner-friendly live coding on twitch!",853,52,1549547957.0,https://www.reddit.com/r/learnpython/comments/ao3zq2/al_sweigart_author_of_the_legendary_automate_the/
5 interesting Python modules,851,100,1595346579.0,https://www.reddit.com/r/learnpython/comments/hv9r5u/5_interesting_python_modules/
"I'm a Computer Science Teacher in the UK, thanks to this subreddit and a few notable Python Youtubers - I'm now able to help more young people get into coding.",833,57,1625307738.0,https://www.reddit.com/r/learnpython/comments/ocvfzr/im_a_computer_science_teacher_in_the_uk_thanks_to/
"I'm Al Sweigart, author of Automate the Boring Stuff with Python. I'm currently doing an AMA about my latest book on recursive algorithms.",834,34,1663023183.0,https://www.reddit.com/r/learnpython/comments/xcqs55/im_al_sweigart_author_of_automate_the_boring/
For begginers who are searching for what to do after finishing a course,834,68,1572279758.0,https://www.reddit.com/r/learnpython/comments/dob4kd/for_begginers_who_are_searching_for_what_to_do/
My Python regex ebook with hundreds of examples and exercises is currently free,832,42,1594132497.0,https://www.reddit.com/r/learnpython/comments/hmvnt1/my_python_regex_ebook_with_hundreds_of_examples/
"Finally feel I've graduated from complete beginner and finished my first small project thanks to this sub. Here's the learning path you all recommended, and a small open source project I have to show for it so far.",827,115,1620393693.0,https://www.reddit.com/r/learnpython/comments/n6yd44/finally_feel_ive_graduated_from_complete_beginner/
Wrote this program to skip Spotify Ads using Spotify API,813,61,1628334425.0,https://www.reddit.com/r/learnpython/comments/ozrbh4/wrote_this_program_to_skip_spotify_ads_using/
Begginers do not use Google search often enough,806,160,1599313998.0,https://www.reddit.com/r/learnpython/comments/in1gv6/begginers_do_not_use_google_search_often_enough/
[Rave] Finally able to prove the value of Python,798,138,1579098220.0,https://www.reddit.com/r/learnpython/comments/ep2xb8/rave_finally_able_to_prove_the_value_of_python/
"What are some ""must learn"" libraries in Python",798,134,1621424944.0,https://www.reddit.com/r/learnpython/comments/ng3nq0/what_are_some_must_learn_libraries_in_python/
"""Automate the Boring Stuff with Python"" online course is free to sign up for the next few days with code AUG2021FREE",794,53,1627829418.0,https://www.reddit.com/r/learnpython/comments/ovth0a/automate_the_boring_stuff_with_python_online/
Why you can't progress at Python,795,145,1646952601.0,https://www.reddit.com/r/learnpython/comments/tbba69/why_you_cant_progress_at_python/
I made a bot that accuses random celebrities of being in 6ix9ine's 'Nine Trey Bloods' gang.,792,58,1569590897.0,https://www.reddit.com/r/learnpython/comments/da0eqv/i_made_a_bot_that_accuses_random_celebrities_of/
Newbie HereðŸ™‚,791,154,1612280171.0,https://www.reddit.com/r/learnpython/comments/layd52/newbie_here/
I just wanted to say a massive thank you to the community.,784,53,1593538497.0,https://www.reddit.com/r/learnpython/comments/hirzuh/i_just_wanted_to_say_a_massive_thank_you_to_the/
Learning Python Protip: when doing exercises change the example code to make it funny or interesting to you. This will help you retain more and utilize more creative thinking to keep you engaged.,778,35,1596390022.0,https://www.reddit.com/r/learnpython/comments/i2g41g/learning_python_protip_when_doing_exercises/
"2,000 free sign ups available for the ""Automate the Boring Stuff with Python"" online course.",782,82,1662408557.0,https://www.reddit.com/r/learnpython/comments/x6px4m/2000_free_sign_ups_available_for_the_automate_the/
Do you know any Python projects on Github that are examples of best practices and good architecture?,772,69,1620199704.0,https://www.reddit.com/r/learnpython/comments/n5a6fo/do_you_know_any_python_projects_on_github_that/
What libraries do you wish you discovered earlier?,771,238,1609309400.0,https://www.reddit.com/r/learnpython/comments/kmwrve/what_libraries_do_you_wish_you_discovered_earlier/
Feeling too fucking dumb for Python and programming in general,776,212,1596180646.0,https://www.reddit.com/r/learnpython/comments/i13byl/feeling_too_fucking_dumb_for_python_and/
I finally used Python for work!,772,44,1603987880.0,https://www.reddit.com/r/learnpython/comments/jkcy74/i_finally_used_python_for_work/
Learning other languages will make your Python better.,765,138,1601013057.0,https://www.reddit.com/r/learnpython/comments/ize2jn/learning_other_languages_will_make_your_python/
I've Realized I Officially Love Coding,769,51,1617162703.0,https://www.reddit.com/r/learnpython/comments/mgxib8/ive_realized_i_officially_love_coding/
